{
        "fpr": [
                0.0,
                0.014341736694677872,
                1.0
        ],
        "tpr": [
                0.0,
                0.7696969696969697,
                1.0
        ],
        "threshold": [
                2.0,
                1.0,
                0.0
        ],
        "score": 0.8776776165011458,
        "cm": [
                [
                        43985,
                        640
                ],
                [
                        190,
                        635
                ]
        ],
        "precision": 0.4980392156862745,
        "f1 score": 0.6047619047619048,
        "recall": 0.7696969696969697
}