{
        "fpr": [
                0.0,
                0.014341736694677872,
                1.0
        ],
        "tpr": [
                0.0,
                0.7696969696969697,
                1.0
        ],
        "threshold": [
                2.0,
                1.0,
                0.0
        ],
        "score": 0.8776776165011458,
        "cm": [
                43985,
                640,
                190,
                635
        ]
}