{
        "fpr": [
                0.0,
                0.03004513217279175,
                1.0
        ],
        "tpr": [
                0.0,
                0.735593220338983,
                1.0
        ],
        "threshold": [
                2.0,
                1.0,
                0.0
        ],
        "score": 0.8527740440830957,
        "cm": [
                [
                        7522,
                        233
                ],
                [
                        78,
                        217
                ]
        ],
        "precision": 0.4822222222222222,
        "f1 score": 0.5825503355704698,
        "recall": 0.735593220338983
}